[{"t":"December 16 2022 at 12:52 PM","k":"Mathilda backup.zip"},{"t":"December 16 2022 at 12:52 PM","k":"nana - Mecha baby.zip"},{"t":"December 16 2022 at 12:53 PM","k":"Angela Aspirant.zip"},{"t":"December 16 2022 at 12:54 PM","k":"Angela Venum [ Updated ].zip"},{"t":"December 16 2022 at 12:54 PM","k":"Angela backup skin.zip"},{"t":"December 16 2022 at 12:54 PM","k":"Angela backup skin.zip"},{"t":"December 16 2022 at 12:54 PM","k":"Angela backup skin.zip"},{"t":"December 16 2022 at 12:54 PM","k":"Angela backup skin.zip"},{"t":"December 16 2022 at 12:54 PM","k":"Angela backup skin.zip"},{"t":"December 16 2022 at 12:54 PM","k":"Angela backup skin.zip"},{"t":"December 16 2022 at 12:54 PM","k":"Angela backup skin.zip"},{"t":"December 16 2022 at 12:54 PM","k":"Angela backup skin.zip"},{"t":"December 16 2022 at 12:54 PM","k":"Angela backup skin.zip"},{"t":"December 16 2022 at 12:54 PM","k":"Angela backup skin.zip"},{"t":"December 16 2022 at 12:54 PM","k":"Angela backup skin.zip"},{"t":"December 16 2022 at 12:54 PM","k":"Angela backup skin.zip"},{"t":"December 16 2022 at 12:54 PM","k":"Angela backup skin.zip"},{"t":"December 16 2022 at 12:54 PM","k":"rafa Christmas.zip"},{"t":"December 16 2022 at 12:54 PM","k":"RAFAELA ELITE🔹Biomedic.zip"},{"t":"December 16 2022 at 12:55 PM","k":"Angela Aspirant.zip"},{"t":"December 16 2022 at 12:55 PM","k":"Estes Blacklis.zip"},{"t":"December 16 2022 at 3:17 PM","k":"Chill anime v5.zip"},{"t":"December 16 2022 at 3:20 PM","k":"Aspirant Recall.zip"},{"t":"December 16 2022 at 3:21 PM","k":"Leomord Basic to Abbys.zip"},{"t":"December 17 2022 at 6:51 PM","k":"Argus S27 [ Fixed ].zip"},{"t":"December 18 2022 at 9:59 PM","k":"Gusion 11.11.zip"},{"t":"December 18 2022 at 9:59 PM","k":"Gusion 11.11.zip"},{"t":"December 18 2022 at 10:37 PM","k":"new Gusion revamp (backup).zip"},{"t":"December 18 2022 at 10:37 PM","k":"Hayabusa Revamp Backup.zip"},{"t":"December 19 2022 at 10:43 AM","k":"Hayabusa Elite [ Fixed ].zip"},{"t":"December 19 2022 at 10:44 AM","k":"Anime_7.zip"},{"t":"December 19 2022 at 10:44 AM","k":"backupintro_.zip"},{"t":"December 19 2022 at 4:40 PM","k":"BENEDETA COLLECTOR.zip"},{"t":"December 19 2022 at 4:42 PM","k":"backup_all_maps.zip"},{"t":"December 20 2022 at 3:01 PM","k":"Beatrix [ m4 ].zip"},{"t":"December 20 2022 at 3:01 PM","k":"Beatrix [ m4 ].zip"},{"t":"December 20 2022 at 3:01 PM","k":"Beatrix [ m4 ].zip"},{"t":"December 20 2022 at 3:01 PM","k":"Beatrix [ m4 ].zip"},{"t":"December 20 2022 at 3:01 PM","k":"Beatrix [ m4 ].zip"},{"t":"December 20 2022 at 3:01 PM","k":"Beatrix [ m4 ].zip"},{"t":"December 20 2022 at 3:02 PM","k":"Beatrix [ m4 ].zip"},{"t":"December 20 2022 at 3:03 PM","k":"Beatrix [ m4 ].zip"},{"t":"December 20 2022 at 3:03 PM","k":"new Gusion revamp (backup).zip"},{"t":"December 20 2022 at 3:03 PM","k":"Beatrix [ m4 ].zip"},{"t":"December 20 2022 at 3:03 PM","k":"BEATRIX ELITE.zip"},{"t":"December 20 2022 at 3:04 PM","k":"Beatrix [ m4 ].zip"},{"t":"December 20 2022 at 3:04 PM","k":"Beatrix [ m4 ].zip"},{"t":"December 20 2022 at 3:19 PM","k":"Beatrix_Prime.zip"},{"t":"December 20 2022 at 3:19 PM","k":"Beatrix [ m4 ].zip"},{"t":"December 20 2022 at 3:19 PM","k":"Beatrix_Prime.zip"},{"t":"December 20 2022 at 3:21 PM","k":"Leomord [[  Abyss ]].zip"},{"t":"December 20 2022 at 4:36 PM","k":"Leomord [[  Abyss ]].zip"},{"t":"December 20 2022 at 4:37 PM","k":"Leomord [ Basic to Abyss ].zip"},{"t":"December 20 2022 at 5:04 PM","k":"Argus S27 [ Fixed ].zip"},{"t":"December 20 2022 at 5:07 PM","k":"Hayabusa Elite [ Fixed ].zip"},{"t":"December 20 2022 at 5:08 PM","k":"Change [ Lunar Fest ].zip"},{"t":"December 20 2022 at 5:09 PM","k":"Beatrix_Prime.zip"},{"t":"December 20 2022 at 5:10 PM","k":"PAQUITO [ Fists of light ].zip"},{"t":"December 20 2022 at 5:11 PM","k":"Saber [ Iron hound ].zip"},{"t":"December 20 2022 at 5:12 PM","k":"Aulus [ Special ].zip"},{"t":"December 20 2022 at 5:13 PM","k":"Franco_Legend.zip"},{"t":"December 23 2022 at 8:53 AM","k":"Selena STUN Updated.zip"},{"t":"December 24 2022 at 10:47 PM","k":"Dyroth Collector.zip"},{"t":"December 25 2022 at 12:25 PM","k":"Beatrix Backup [ NEW ].zip"},{"t":"December 25 2022 at 7:01 PM","k":"Dyroth Collector.zip"},{"t":"December 25 2022 at 7:34 PM","k":"Dyroth Collector.zip"},{"t":"December 25 2022 at 8:09 PM","k":"Dyroth backup.zip"},{"t":"December 25 2022 at 8:10 PM","k":"Dyroth Collector.zip"},{"t":"December 26 2022 at 7:07 PM","k":"Fanny Aspirant Japanese Voice.zip"},{"t":"December 26 2022 at 7:17 PM","k":"Fanny new Backup.zip"},{"t":"December 26 2022 at 7:18 PM","k":"Fanny Aspirant Japanese Voice.zip"},{"t":"December 26 2022 at 7:21 PM","k":"Fanny Aspirant Japanese Voice.zip"},{"t":"December 26 2022 at 7:28 PM","k":"Fanny Aspirant Japanese Voice.zip"},{"t":"December 26 2022 at 7:37 PM","k":"chou kof.zip"},{"t":"December 26 2022 at 8:21 PM","k":"Aurora backup.zip"},{"t":"December 26 2022 at 8:21 PM","k":"backup aurora norm.zip"},{"t":"December 26 2022 at 8:23 PM","k":"Aurora Zodiac.zip"},{"t":"December 26 2022 at 8:33 PM","k":"Beatrix [ m4 ].zip"},{"t":"December 26 2022 at 8:33 PM","k":"Beatrix Backup [ NEW ].zip"},{"t":"December 26 2022 at 8:45 PM","k":"Beatrix Backup [ NEW ].zip"},{"t":"December 26 2022 at 8:55 PM","k":"Beatrix Backup [ NEW ].zip"},{"t":"December 26 2022 at 8:58 PM","k":"Beatrix [ m4 ].zip"},{"t":"December 26 2022 at 8:58 PM","k":"Beatrix [ m4 ].zip"},{"t":"December 26 2022 at 8:58 PM","k":"Beatrix [ m4 ].zip"},{"t":"December 26 2022 at 9:00 PM","k":"Beatrix [ m4 ].zip"},{"t":"December 26 2022 at 9:01 PM","k":"Beatrix Backup [ NEW ].zip"},{"t":"December 26 2022 at 9:02 PM","k":"Beatrix [ m4 ].zip"},{"t":"December 27 2022 at 11:10 AM","k":"backupintro_.zip"},{"t":"December 27 2022 at 7:34 PM","k":"Franco_Legend.zip"},{"t":"December 27 2022 at 7:36 PM","k":"Franco_Legend.zip"},{"t":"December 27 2022 at 7:47 PM","k":"Franco backup.zip"},{"t":"December 27 2022 at 7:49 PM","k":"Franco_Legend.zip"},{"t":"December 27 2022 at 7:51 PM","k":"Franco_Legend.zip"},{"t":"December 27 2022 at 7:53 PM","k":"Franco backup.zip"},{"t":"December 31 2022 at 9:54 AM","k":"Angela Aspirant.zip"},{"t":"January 3 2023 at 11:47 AM","k":"enhyphen.zip"},{"t":"January 3 2023 at 1:43 PM","k":"Rafaela Backup"},{"t":"January 3 2023 at 1:44 PM","k":"Fluffy Dream"},{"t":"January 3 2023 at 1:44 PM","k":"Aqua Pura"},{"t":"January 3 2023 at 1:44 PM","k":"new Gusion revamp (backup).zip"},{"t":"January 3 2023 at 1:45 PM","k":"Blacklist International"},{"t":"January 3 2023 at 2:54 PM","k":" Fanny Aspirant Japanese"},{"t":"January 3 2023 at 2:55 PM","k":" Fanny Aspirant English"},{"t":"January 3 2023 at 2:55 PM","k":"Hayabusa  Hayabusa Backup"},{"t":"January 3 2023 at 2:55 PM","k":"Hayabusa  Shadow of Obscurity"},{"t":"January 3 2023 at 2:55 PM","k":"Helcurt  Evolved Predator"},{"t":"January 3 2023 at 2:56 PM","k":"Mathilda  Floral Crown"},{"t":"January 3 2023 at 4:18 PM","k":"LancelotFloral Knight"},{"t":"January 3 2023 at 4:19 PM","k":"Bruno Neymar Jr"},{"t":"January 3 2023 at 4:19 PM","k":"Yi Sun-shinRoguish Ranger"},{"t":"January 3 2023 at 4:20 PM","k":"Hayabusa Backup"},{"t":"January 3 2023 at 4:28 PM","k":"Joy Backup"},{"t":"January 3 2023 at 4:29 PM","k":"Joy Feline Ranger"},{"t":"January 3 2023 at 4:29 PM","k":"Karina Black Pearl"},{"t":"January 3 2023 at 4:29 PM","k":"LancelotRoyal Matador"},{"t":"January 3 2023 at 4:29 PM","k":"LancelotFloral Knight"},{"t":"January 3 2023 at 5:56 PM","k":"Aamon Cyber Assassin"},{"t":"January 3 2023 at 5:56 PM","k":"Kagura Kagura Backup"},{"t":"January 3 2023 at 5:57 PM","k":"Selena Selena Backup"},{"t":"January 3 2023 at 6:31 PM","k":"Ling M-World"},{"t":"January 3 2023 at 6:32 PM","k":"Ling M-World"},{"t":"January 3 2023 at 6:32 PM","k":"Ling M-World"},{"t":"January 3 2023 at 6:32 PM","k":"Ling M-World"},{"t":"January 3 2023 at 6:32 PM","k":"Ling M-World"},{"t":"January 3 2023 at 6:32 PM","k":"Lancelot Christmas Carnival"},{"t":"January 3 2023 at 6:32 PM","k":"Lancelot Christmas Carnival"},{"t":"January 3 2023 at 6:32 PM","k":"Lancelot Christmas Carnival"},{"t":"January 3 2023 at 6:33 PM","k":"Lancelot Christmas Carnival"},{"t":"January 3 2023 at 6:34 PM","k":"Ling M-World"},{"t":"January 3 2023 at 6:34 PM","k":"Ling M-World"},{"t":"January 3 2023 at 6:34 PM","k":"Ling M-World"},{"t":"January 3 2023 at 6:35 PM","k":"Ling M-World"},{"t":"January 3 2023 at 6:35 PM","k":"Ling M-World"},{"t":"January 3 2023 at 6:35 PM","k":"Ling M-World"},{"t":"January 3 2023 at 6:35 PM","k":"Ling M-World"},{"t":"January 3 2023 at 6:41 PM","k":"Ling M-World"},{"t":"January 3 2023 at 6:41 PM","k":"Ling M-World"},{"t":"January 3 2023 at 7:11 PM","k":"Ling Fanny Aspirant English"},{"t":"January 3 2023 at 7:11 PM","k":"Ling M-World"},{"t":"January 3 2023 at 7:11 PM","k":"Benedetta Backup"},{"t":"January 3 2023 at 7:12 PM","k":"Lancelot Empyrean Flame"},{"t":"January 3 2023 at 7:12 PM","k":"Helcurt Backup"},{"t":"January 3 2023 at 7:12 PM","k":"Hanabi Riverland Phoenix"},{"t":"January 3 2023 at 7:12 PM","k":"Hanabi Fanny Aspirant Japanese"},{"t":"January 3 2023 at 7:15 PM","k":"Hanabi M-World"},{"t":"January 3 2023 at 7:15 PM","k":"Hanabi M-World"},{"t":"January 3 2023 at 7:16 PM","k":"Ling Lord Shen"},{"t":"January 3 2023 at 7:16 PM","k":"Ling M-World"},{"t":"January 3 2023 at 7:17 PM","k":"https://github.com/BANGMAMET1995/SC_MM2021/raw/main/BACKUP%20GRANGER.zip"},{"t":"January 3 2023 at 7:17 PM","k":"Ling Night Shade"},{"t":"January 3 2023 at 7:31 PM","k":"Ling Serene Plume"},{"t":"January 3 2023 at 7:32 PM","k":"Ling Lord Shen"},{"t":"January 3 2023 at 7:42 PM","k":"Ling Street Punk"},{"t":"January 3 2023 at 7:43 PM","k":"Clint Backup"},{"t":"January 3 2023 at 7:43 PM","k":"Benedetta Backup"},{"t":"January 3 2023 at 7:43 PM","k":"Helcurt Ice Scythe"},{"t":"January 3 2023 at 9:20 PM","k":"Techie Ninja"},{"t":"January 3 2023 at 9:21 PM","k":"Death Oath"},{"t":"January 3 2023 at 9:22 PM","k":"Blacklist International"},{"t":"January 3 2023 at 9:22 PM","k":"Crow Bishop"},{"t":"January 3 2023 at 9:23 PM","k":"Neymar Jr"},{"t":"January 3 2023 at 9:23 PM","k":"Lightborn - Overrider"},{"t":"January 3 2023 at 10:16 PM","k":"Hanabi Riverland Phoenix"},{"t":"January 3 2023 at 10:17 PM","k":"Estes Riverland Phoenix"},{"t":"January 3 2023 at 10:17 PM","k":"Claude Bad Bro"},{"t":"January 3 2023 at 10:18 PM","k":"Lesley Lethal Lady"},{"t":"January 3 2023 at 10:18 PM","k":"Moskov Backup"},{"t":"January 3 2023 at 11:28 PM","k":"Fanny Aspirant English"},{"t":"January 3 2023 at 11:37 PM","k":"Hayabusa Techie Ninja"},{"t":"January 3 2023 at 11:37 PM","k":"Estes Blacklist International"},{"t":"January 3 2023 at 11:38 PM","k":"Nana Wind Fairy"},{"t":"January 3 2023 at 11:38 PM","k":"Floryn Fluffy Dream"},{"t":"January 3 2023 at 11:38 PM","k":"Benedetta Death Oath"},{"t":"January 3 2023 at 11:38 PM","k":"Hanabi Riverland Phoenix"},{"t":"January 3 2023 at 11:38 PM","k":"Granger Backup"},{"t":"January 3 2023 at 11:38 PM","k":"Clint Shadow Omen"},{"t":"January 3 2023 at 11:39 PM","k":"Ling M-World"},{"t":"January 3 2023 at 11:40 PM","k":"Saber Codename - Storm"},{"t":"January 3 2023 at 11:41 PM","k":"Aamon Cyber Assassin"},{"t":"January 3 2023 at 11:42 PM","k":"Fanny Aspirant English"},{"t":"January 3 2023 at 11:43 PM","k":"Granger Backup"},{"t":"January 3 2023 at 11:43 PM","k":"Granger Megatron"},{"t":"January 3 2023 at 11:44 PM","k":"Fanny Lightborn - Ranger"},{"t":"January 3 2023 at 11:44 PM","k":"Granger Lightborn - Overrider"},{"t":"January 4 2023 at 12:17 AM","k":"Fanny Christmas Carnival"},{"t":"January 4 2023 at 12:17 AM","k":"Lancelot Bren. Esports"},{"t":"January 4 2023 at 8:20 PM","k":"Franco King of Hell"},{"t":"January 4 2023 at 8:21 PM","k":"Edith Celestial Safeguard"},{"t":"January 4 2023 at 8:22 PM","k":"Lolita Genki Slam"},{"t":"January 4 2023 at 8:22 PM","k":"Grock V.E.N.O.M. Monitor Lizard"},{"t":"January 4 2023 at 8:22 PM","k":"Tigreal Galactic Marshal"},{"t":"January 4 2023 at 8:23 PM","k":"Hylos Iron Steed"},{"t":"January 4 2023 at 8:24 PM","k":"Balmond God of Mountains"},{"t":"January 4 2023 at 8:26 PM","k":"Atlas Space Mech"},{"t":"January 4 2023 at 8:27 PM","k":"Grock Ancient Golem"},{"t":"January 4 2023 at 9:45 PM","k":"Freya Christmas Carnival"},{"t":"January 4 2023 at 9:45 PM","k":"Chou Libra Shiryu"},{"t":"January 4 2023 at 9:47 PM","k":"Chou S.T.U.N."},{"t":"January 4 2023 at 9:47 PM","k":"Freya Beach Sweetheart"},{"t":"January 4 2023 at 9:47 PM","k":"Freya Christmas Carnival"},{"t":"January 4 2023 at 9:47 PM","k":"Guinevere Lady Crane"},{"t":"January 4 2023 at 9:48 PM","k":"Ruby Mecha Maiden"},{"t":"January 4 2023 at 9:48 PM","k":"Guinevere Psion of Tomorrow"}]